{
  "version": 1,
  "header": null,
  "data": {
    "code": 123,
    "success": true,
    "msg": "成功",
    "data": {
      "fulfillment_package": {
        "change_price_status": 0,
        "after_sale_status_desc": "无售后",
        "type": "normal",
        "logistics": "auto",
        "delivery_packages": [
          {
            "delivery_package_id": "P724059496219425843",
            "package_id": "P724059496219425843",
            "status": 4,
            "status_desc": "待配货",
            "skus": [
              {
                "sku_tag": 1,
                "reopen_after_sale_status": 0,
                "sku_raw_price": 10,
                "first_after_sale_status": 1,
                "sku_specification": "港澳台 5",
                "sku_name": "M&M's 测试一下测试一下 港澳台 5",
                "sku_sold_price": 10,
                "composite_flag": false,
                "sku_total_merchant_discount": 10,
                "shipped": false,
                "delivery_mode": 0,
                "second_after_sale_status": -1,
                "sell_guarantee_info_list": [
                  {
                    "name": "晚发必赔",
                    "hover": "若商家发货时间超过承诺的发货时效，将按照规则赔付用户",
                    "pc_url": "https://school.xiaohongshu.com/rule/detail/5d6935880000000000000000/6444d96c55d430001a453941?entry=00020002&jumpFrom=ark",
                    "app_url": "https://school.xiaohongshu.com/rule/detail/5d6935880000000000000000/6444d96c55d430001a453941?entry=00020002&jumpFrom=ark&&fullscreen=true",
                    "icon": "https://ice.frostsky.com/2023/09/05/05477b706591d0e32fa446013111ebfe.png",
                    "desc": "若商家发货时间超过承诺的发货时效，将按照规则赔付您至少3元无门槛薯券。"
                  }
                ],
                "after_sale_status": 1,
                "image": "//qimg.xiaohongshu.com/arkgoods/104100ao30tglsn7f4s75lh22qp1s6k3ns9ap8g7ute750?itemId=65ae21bacfe2470001359d96&imageView2/1/w/320/h/320/q/90.png",
                "sku_quantity": 1,
                "scskus": [
                  {
                    "sold_price": 10,
                    "paid_amount": 0,
                    "red_discount": 0,
                    "sku_tag": 1,
                    "sku_id": "65ae21bacfe2470001359d96",
                    "barcode": "123456789",
                    "scskucode": "XHS-1XNLIDNLACQO",
                    "name": "M&M's 测试一下测试一下 港澳台 5",
                    "allowance": 0,
                    "flash_buy_tag": 0,
                    "specification": "港澳台 5",
                    "quantity": 1,
                    "merchant_discount": 10,
                    "sku_name": "M&M's 测试一下测试一下 港澳台 5",
                    "image": "//qimg.xiaohongshu.com/arkgoods/104100ao30tglsn7f4s75lh22qp1s6k3ns9ap8g7ute750?itemId=65ae21bacfe2470001359d96&imageView2/1/w/320/h/320/q/90.png"
                  }
                ],
                "sku_total_red_discount": 0,
                "sku_origin_total_paid_amount": 0,
                "sku_total_paid_amount": 0,
                "display_name": "M&M's 测试一下测试一下",
                "sku_id": "65ae21bacfe2470001359d96",
                "child_skus": [],
                "after_sale_status_desc": "无售后",
                "support_no_logistics_delivery": false
              }
            ]
          }
        ],
        "paid_at": "2024-02-21 17:25:37",
        "status": 4,
        "total_toc_tax_amount": 0,
        "red_sku_discounts": [],
        "total_change_price": 0,
        "confirmed_at": "2024-02-21 17:25:48",
        "user_info_visible": false,
        "total_deposit_amount": 0,
        "pre_sale_pay_status": 0,
        "package_id": "P724059496219425843",
        "special_type": 0,
        "actual_paid": 0,
        "seller_id": "5ac442d62ba68e1322ff9f09",
        "total_order_amount": 10,
        "seller_mark_info": {
          "operator": "userwndd",
          "updated_at": "2024-02-21 20:53:02",
          "seller_mark_priority": 5,
          "seller_mark_note": "修改测试啊阿啊阿啊阿3123"
        },
        "merchant_sku_discounts": [
          {
            "discount_type": "gift",
            "discount_type_desc": "其他优惠",
            "source_id": "",
            "amount": 10,
            "afford_type": 1,
            "afford_type_desc": "商家",
            "name": "其他优惠"
          }
        ],
        "promise_last_ship_at": "2024-02-23 17:25:37",
        "support_carriage_insurance": false,
        "show_operation_log": true,
        "user_id": "605daca700000000010043c6",
        "user_info": {
          "town": "",
          "name": "丁*",
          "phone": "188***7800",
          "province": "上海",
          "city": "上海市",
          "district": "黄浦区",
          "address": "上海 上海市 黄浦区 ***",
          "street": "***"
        },
        "delivery_time_preference": "all",
        "shipping_fee": 0,
        "actual_seller_receive_amount": 0,
        "pay_unit_lite": {
          "payment_type": 1,
          "payment_name": "支付宝"
        },
        "overdue_status": 0,
        "ordered_at": "2024-02-21 17:24:56",
        "status_desc": "待配货",
        "plan_info_id": "5de7795ab84f35ed4744a754",
        "skus": [
          {
            "display_name": "M&M's 测试一下测试一下",
            "child_skus": [],
            "sku_quantity": 1,
            "scskus": [
              {
                "red_discount": 0,
                "barcode": "123456789",
                "flash_buy_tag": 0,
                "paid_amount": 0,
                "merchant_discount": 10,
                "quantity": 1,
                "sold_price": 10,
                "image": "//qimg.xiaohongshu.com/arkgoods/104100ao30tglsn7f4s75lh22qp1s6k3ns9ap8g7ute750?itemId=65ae21bacfe2470001359d96&imageView2/1/w/320/h/320/q/90.png",
                "specification": "港澳台 5",
                "scskucode": "XHS-1XNLIDNLACQO",
                "name": "M&M's 测试一下测试一下 港澳台 5",
                "sku_id": "65ae21bacfe2470001359d96",
                "allowance": 0,
                "sku_tag": 1,
                "sku_name": "M&M's 测试一下测试一下 港澳台 5"
              }
            ],
            "composite_flag": false,
            "sku_total_paid_amount": 0,
            "first_after_sale_status": 1,
            "second_after_sale_status": -1,
            "image": "//qimg.xiaohongshu.com/arkgoods/104100ao30tglsn7f4s75lh22qp1s6k3ns9ap8g7ute750?itemId=65ae21bacfe2470001359d96&imageView2/1/w/320/h/320/q/90.png",
            "after_sale_status": 1,
            "sku_sold_price": 10,
            "shipped": false,
            "delivery_mode": 0,
            "support_no_logistics_delivery": false,
            "sku_raw_price": 10,
            "reopen_after_sale_status": 0,
            "after_sale_status_desc": "无售后",
            "sku_id": "65ae21bacfe2470001359d96",
            "sku_name": "M&M's 测试一下测试一下 港澳台 5",
            "sku_tag": 1,
            "sku_total_merchant_discount": 10,
            "sku_total_red_discount": 0,
            "sku_origin_total_paid_amount": 0,
            "sku_specification": "港澳台 5",
            "sell_guarantee_info_list": [
              {
                "desc": "若商家发货时间超过承诺的发货时效，将按照规则赔付您至少3元无门槛薯券。",
                "name": "晚发必赔",
                "hover": "若商家发货时间超过承诺的发货时效，将按照规则赔付用户",
                "pc_url": "https://school.xiaohongshu.com/rule/detail/5d6935880000000000000000/6444d96c55d430001a453941?entry=00020002&jumpFrom=ark",
                "app_url": "https://school.xiaohongshu.com/rule/detail/5d6935880000000000000000/6444d96c55d430001a453941?entry=00020002&jumpFrom=ark&&fullscreen=true",
                "icon": "https://ice.frostsky.com/2023/09/05/05477b706591d0e32fa446013111ebfe.png"
              }
            ]
          }
        ],
        "second_after_sale_status": -1,
        "after_sale_list": [],
        "actual_paid_without_deposit": 0,
        "cancel_source": 0,
        "delivery_time_preference_desc": "送货时间不限",
        "origin_shipping_fee": 0,
        "merchant_discount_amount": 10,
        "sku_discounts": [
          {
            "amount": 10,
            "afford_type": 1,
            "afford_type_desc": "商家",
            "name": "其他优惠",
            "discount_type": "gift",
            "discount_type_desc": "其他优惠",
            "source_id": ""
          }
        ],
        "after_sale_status": 1,
        "send_from": "001",
        "type_desc": "普通订单",
        "logistics_type": 7,
        "first_after_sale_status": 1,
        "red_discount_amount": 0,
        "support_change_price": 0,
        "pick_up_order_infos": []
      }
    }
  }
}