{
  "build": {
    "beforeDevCommand": "",
    "beforeBuildCommand": "",
    "devPath": "http://127.0.0.1:8080",
    "distDir": "../apps/webui/dist"
  },
  "package": {
    "productName": "smart-workbench",
    "version": "0.0.2"
  },
  "tauri": {
    "cli": {
      "description": "",
      "longDescription": "",
      "beforeHelp": "",
      "afterHelp": "",
      "args": [
        {
          "name": "type",
          "short": "t",
          "multipleOccurrences": true
        }
      ]
    },
    "systemTray": {
      "iconPath": "icons/128x128.png",
      "iconAsTemplate": false
    },
    "allowlist": {
      "all": true,
      "shell": {
        "all": false,
        "open": true
      },
      "fs": {
        "all": true,
        "readFile": true,
        "writeFile": true,
        "readDir": true,
        "scope": ["**"]
      },
      "window": {
        "all": true,
        "setFocus": true
      }
    },
    "windows": [
      {
        "title": "devtools",
        "width": 1600,
        "height": 700
      }
    ],
    "security": {
      "csp": null
    },
    "bundle": {
      "windows": {
        "webviewInstallMode": {
          "type": "offlineInstaller"
        }
      },
      "resources": [
        "binaries/node-v16.20.2-darwin-arm64",
        "binaries/node-v16.20.2-darwin-x64",
        "binaries/node"
      ],
      "active": true,
      "targets": ["dmg", "msi"],
      "identifier": "com.xiaohongshu.devtool",
      "icon": [
        "icons/32x32.png",
        "icons/128x128.png",
        "icons/128x128@2x.png",
        "icons/icon.icns",
        "icons/icon.ico"
      ],
      "macOS": {
        "frameworks": [],
        "license": "MIT",
        "signingIdentity": "-"
      }
    },
    "updater": {
      "active": true,
      "dialog": false,
      "endpoints": ["https://localhost:3443/checkUpdate"],
      "pubkey": "dW50cnVzdGVkIGNvbW1lbnQ6IG1pbmlzaWduIHB1YmxpYyBrZXk6IDVFMDE2MzVGNTZENjEyQ0IKUldUTEV0WldYMk1CWHB1L05scXpGRkM1VWpFeERBa0JidWNoQytZV1BrZTkxM2NnbkRPaE9NSnAK",
      "windows": {
        "installMode": "passive",
        "installerArgs": []
      }
    }
  }
}
