{
  "data": {
    "code": 0,
    "success": true,
    "msg": "ok",
    "data": {
      "total": 819,
      "data": [
        {
          "fulfillment_package_id": "",
          "rule_type": 1,
          "expect_end_time": 1709222399000,
          "platform_declare_time": 0,
          "reason": "",
          "latest_declare_create_time": 1707893260000,
          "rule_decide_result": 0,
          "begin_time": 1707547093000,
          "seller_declare_time": 1709222399000,
          "decide_at": 1708269784000,
          "seller_id": "5a151d9deb90b912e76ee832",
          "rule_key": "",
          "rule_decide_result_name": "不违规",
          "actual_end_time": 1708269784000,
          "lastest_declare_delivery_time": 1709222399000,
          "latest_declare_reason": "与消费者达成一致",
          "order_id": "P723099085102320471",
          "rule_id": 1,
          "lastest_declare_source": "SELLER",
          "latest_declare_audit_time": 1707894682000
        },
        {
          "latest_declare_create_time": 0,
          "fulfillment_package_id": "",
          "begin_time": 1707036056000,
          "expect_end_time": 1708271999000,
          "actual_end_time": 0,
          "rule_key": "",
          "rule_id": 1,
          "rule_decide_result": 1,
          "decide_at": 1708276417000,
          "rule_decide_result_name": "终判",
          "lastest_declare_source": "PLATFORM",
          "seller_declare_time": 0,
          "platform_declare_time": 1708271999000,
          "reason": "2024-02-18 23:59:59 前未发货",
          "seller_id": "5a151d9deb90b912e76ee832",
          "lastest_declare_delivery_time": 1708271999000,
          "latest_declare_audit_time": 0,
          "order_id": "P722588052445446361",
          "rule_type": 1
        },
        {
          "expect_end_time": 1708271999000,
          "actual_end_time": 0,
          "rule_id": 1,
          "begin_time": 1707039364000,
          "rule_decide_result": 1,
          "seller_declare_time": 0,
          "platform_declare_time": 1708271999000,
          "decide_at": 1708275905000,
          "latest_declare_create_time": 0,
          "latest_declare_audit_time": 0,
          "order_id": "P722591362513452671",
          "fulfillment_package_id": "",
          "rule_key": "",
          "rule_decide_result_name": "终判",
          "lastest_declare_delivery_time": 1708271999000,
          "rule_type": 1,
          "seller_id": "5a151d9deb90b912e76ee832",
          "reason": "2024-02-18 23:59:59 前未发货",
          "lastest_declare_source": "PLATFORM"
        },
        {
          "begin_time": 1706862118000,
          "rule_decide_result_name": "终判",
          "lastest_declare_source": "SELLER",
          "fulfillment_package_id": "",
          "rule_type": 1,
          "rule_decide_result": 1,
          "actual_end_time": 0,
          "platform_declare_time": 0,
          "reason": "2024-02-16 23:59:59 前未发货",
          "latest_declare_create_time": 1706861549000,
          "order_id": "P722414116921006671",
          "expect_end_time": 1708099199000,
          "decide_at": 1708099218000,
          "latest_declare_audit_time": 1706861572000,
          "rule_id": 1,
          "seller_id": "5a151d9deb90b912e76ee832",
          "rule_key": "",
          "lastest_declare_delivery_time": 1708099199000,
          "latest_declare_reason": "着火",
          "seller_declare_time": 1708099199000
        },
        {
          "platform_declare_time": 1707753599000,
          "reason": "",
          "seller_id": "5a151d9deb90b912e76ee832",
          "rule_decide_result_name": "不违规",
          "seller_declare_time": 0,
          "rule_id": 1,
          "rule_decide_result": 0,
          "lastest_declare_source": "PLATFORM",
          "latest_declare_reason": "",
          "fulfillment_package_id": "",
          "actual_end_time": 1707386931000,
          "decide_at": 1707386941000,
          "latest_declare_create_time": 1707357862000,
          "latest_declare_audit_time": 1707357862000,
          "expect_end_time": 1707753599000,
          "rule_type": 1,
          "begin_time": 1707385406000,
          "rule_key": "",
          "lastest_declare_delivery_time": 1707753599000,
          "order_id": "P722937396232283601"
        },
        {
          "seller_declare_time": 0,
          "platform_declare_time": 1707753599000,
          "rule_decide_result_name": "不违规",
          "order_id": "P722937474482283681",
          "fulfillment_package_id": "",
          "rule_type": 1,
          "latest_declare_audit_time": 1707357862000,
          "decide_at": 1707386941000,
          "reason": "",
          "lastest_declare_delivery_time": 1707753599000,
          "begin_time": 1707385479000,
          "expect_end_time": 1707753599000,
          "latest_declare_create_time": 1707357862000,
          "seller_id": "5a151d9deb90b912e76ee832",
          "rule_key": "",
          "lastest_declare_source": "PLATFORM",
          "latest_declare_reason": "",
          "rule_id": 1,
          "rule_decide_result": 0,
          "actual_end_time": 1707386931000
        },
        {
          "seller_declare_time": 0,
          "decide_at": 1707709667000,
          "reason": "2024-02-12 11:47:42 前未发货",
          "fulfillment_package_id": "",
          "rule_type": 1,
          "begin_time": 1707277661000,
          "platform_declare_time": 1707580799000,
          "latest_declare_create_time": 1707310107000,
          "latest_declare_reason": "",
          "rule_decide_result": 1,
          "expect_end_time": 1707709662000,
          "actual_end_time": 0,
          "rule_key": "",
          "lastest_declare_source": "PLATFORM",
          "lastest_declare_delivery_time": 1707580799000,
          "order_id": "P722829659579263491",
          "rule_id": 1,
          "seller_id": "5a151d9deb90b912e76ee832",
          "rule_decide_result_name": "终判",
          "latest_declare_audit_time": 1707310107000
        },
        {
          "begin_time": 1707213908000,
          "expect_end_time": 1707645908000,
          "lastest_declare_source": "PLATFORM",
          "latest_declare_reason": "",
          "rule_type": 1,
          "rule_decide_result": 1,
          "seller_declare_time": 0,
          "decide_at": 1707645913000,
          "rule_key": "",
          "latest_declare_create_time": 1707310107000,
          "fulfillment_package_id": "",
          "rule_id": 1,
          "actual_end_time": 0,
          "lastest_declare_delivery_time": 1707580799000,
          "order_id": "P722765901198116042",
          "platform_declare_time": 1707580799000,
          "reason": "2024-02-11 18:05:08 前未发货",
          "seller_id": "5a151d9deb90b912e76ee832",
          "rule_decide_result_name": "终判",
          "latest_declare_audit_time": 1707310107000
        },
        {
          "actual_end_time": 1708349976000,
          "seller_declare_time": 0,
          "decide_at": 1707645377000,
          "reason": "2024-02-11 17:56:12 前未发货",
          "seller_id": "5a151d9deb90b912e76ee832",
          "lastest_declare_source": "PLATFORM",
          "rule_type": 1,
          "begin_time": 1707213372000,
          "rule_key": "",
          "lastest_declare_delivery_time": 1707580799000,
          "latest_declare_audit_time": 1707310107000,
          "latest_declare_reason": "",
          "order_id": "P722765364814116731",
          "expect_end_time": 1707645372000,
          "latest_declare_create_time": 1707310107000,
          "fulfillment_package_id": "",
          "platform_declare_time": 1707580799000,
          "rule_decide_result_name": "终判",
          "rule_id": 1,
          "rule_decide_result": 1
        },
        {
          "lastest_declare_delivery_time": 1707494399000,
          "latest_declare_create_time": 1707113924000,
          "order_id": "P722767408648255861",
          "fulfillment_package_id": "",
          "begin_time": 1707215418000,
          "lastest_declare_source": "PLATFORM",
          "rule_key": "",
          "rule_decide_result_name": "不违规",
          "latest_declare_reason": "",
          "rule_type": 1,
          "expect_end_time": 1707494399000,
          "platform_declare_time": 1707494399000,
          "reason": "",
          "rule_decide_result": 0,
          "seller_id": "5a151d9deb90b912e76ee832",
          "latest_declare_audit_time": 1707113924000,
          "rule_id": 1,
          "actual_end_time": 1707215560000,
          "seller_declare_time": 0,
          "decide_at": 1707215561000
        }
      ]
    }
  },
  "version": 1,
  "header": null
}
