{
  "version": 1,
  "header": null,
  "data": {
    "data": {
      "after_sales": [
        {
          "ship_needed_name": "",
          "delivery_package_id": "P724571346631452171",
          "exchange_package_status": 0,
          "user_id": "63febecd00000000290169fb",
          "spam_check_status": 1,
          "intact_degree": 0,
          "refund_time": 0,
          "refund_strategy_user_amount": 0,
          "refund_ok_time": 0,
          "update_at": 1709019518000,
          "package_type": "1",
          "applied_ship_fee_amount": 0,
          "note": "",
          "shipping_model_name": "",
          "refund_method": 0,
          "sign_auto_receive_type": 0,
          "fast_refund_qualified": false,
          "return_received_type": 0,
          "deductible_tag": false,
          "total_deposit_amount_yuan": 0,
          "receive_needed": false,
          "return_express_refundable": false,
          "return_type": 2,
          "force_receive": false,
          "delivery_package_status": 6,
          "ship_express_fee": 0,
          "package_create_time": 0,
          "pickup_create_at": 0,
          "seller_ids": [
            "5a151d9deb90b912e76ee832"
          ],
          "ship_whcode": "CPartner",
          "commented": false,
          "auto_reject_close_deadline": 0,
          "reason": 700001,
          "proof_photos": [
            "{\"bizName\":\"sale\",\"cloudType\":4,\"fileId\":\"refund_proof_photos/1040g2n030vm1et92lq0g5ovunr6qaqfr0qkj500\",\"isSecret\":false,\"scene\":\"refund_proof\"}"
          ],
          "use_fast_refund": false,
          "exchange_user_finish_deadline": 0,
          "reason_name_zh": "多拍/拍错/不想要",
          "ship_express_no": "2343234234534",
          "use_red": false,
          "return_express_status": "未发货",
          "ship_needed": -1,
          "shipping_model": 0,
          "expected_refund_amount": 0,
          "exchange_transfer_return_price": 0,
          "abnormal_trigger": 0,
          "ship_whcode_name": "",
          "is_member": false,
          "desc": "尺码均码衣长袖长",
          "auto_receive_deadline": 0,
          "receive_abnormal_type_name": "",
          "request_from_name": "用户",
          "refunded": false,
          "arbitrate_before_status": 0,
          "select_express_type": 2,
          "sub_status": 201,
          "sub_status_name": "",
          "nick_name": "测试",
          "need_receive_and_ship": false,
          "fill_express_no_deadline": 0,
          "return_received_time": 0,
          "need_auto_audit": false,
          "package_id": "P724571346631452171",
          "spam_check_status_time": 0,
          "expect_refund_fee": 0,
          "system_version": 1,
          "applied_skus_amount_sum": 0,
          "express_sign_time": 0,
          "refund_method_name": "",
          "settlement_amount": 0.1,
          "abnormal_deadline": 0,
          "deductible_amount": 0,
          "receive_delay_count": 0,
          "user_level": 3,
          "exchange_express_status": "未发货",
          "seller_sign_time": 0,
          "logistics_track_status_time": 0,
          "pay_time": 0,
          "logistics_track_status": 0,
          "seller_name": "香大科技的海外店",
          "audit_deadline": "2024-02-29 15:38:38",
          "reject_ticket_status_time": 0,
          "refund_fail_reason": 0,
          "applied_amount": 0,
          "exchange_signed_time": 0,
          "returns_id": "R3145217119518431",
          "status_name": "待审核",
          "return_type_name": "换货",
          "pay_amount": 0.1,
          "ship_express_status": "已发货",
          "exchange_user_confirm_time": 0,
          "skus": [
            {
              "image": "//qimg.xiaohongshu.com/arkgoods/1040g0o030sjb3c5njk005o33425g91gtasjc66o?itemId=65b3283ecfe2470001717112&imageView2/1/w/320/h/320/q/90.png",
              "whcode": "CPartner",
              "applied_total_deposit_amount": 0,
              "price": 0.1,
              "refundable_count": 0,
              "max_refund_amount": 0,
              "applied_total_amount": 0,
              "returned_count": 0,
              "refunded_count": 0,
              "intact_degree": 0,
              "multi_scsku": false,
              "tax_rate": 0,
              "return_price": 0,
              "variants": [
                {
                  "variant_id": "60506a46d870b3000139132c",
                  "name": "净含量",
                  "value": "1斤"
                }
              ],
              "version": "w272673400478695424",
              "tags": [
                "不支持无理由退换",
                "运费宝"
              ],
              "returnable_count": 1,
              "scsku_infos": [
                {
                  "actual_scsku_count": 0,
                  "barcode": "XHS-1ZT3XB99YFI8",
                  "scsku_price": 0.1,
                  "scsku_price_ratio": -1,
                  "pkg_qty": 1,
                  "name": "沐橙子 测试橙子-无物流发货 1斤",
                  "arbitrate_result": 0,
                  "expect_scsku_count": 0,
                  "scsku_code": "XHS-1ZT3XB99YFI8",
                  "residual_rate": 0,
                  "real_scsku_price": 0,
                  "consistent_with_return": false
                }
              ],
              "exchange_scskucode": "XHS-1ZT3XB99YFI9",
              "discounted_price": 0.1,
              "return_policy": "不支持无理由退换",
              "total_return_amount": 0,
              "exchange_sku_name": "沐橙子 测试橙子-无物流发货 2斤",
              "refunding_amount": 0,
              "paid_and_deposit_amount_sum": 0,
              "bought_count": 1,
              "exchange_sku_image": "//qimg.xiaohongshu.com/arkgoods/1040g0o030sjb3c5njk005o33425g91gtasjc66o?itemId=65b3283ecfe2470001717115&imageView2/1/w/320/h/320/q/90.png",
              "user_application_times": 1,
              "presale_type": 0,
              "after_sale_sku_tags": [
                {
                  "pcUrl": "https://school.xiaohongshu.com/lesson/normal/931c65ecd7624189866f6690af277a45?jumpFrom=school",
                  "appUrl": "https://school.xiaohongshu.com/lesson/normal/931c65ecd7624189866f6690af277a45?jumpFrom=school&fullscreen=true",
                  "icon": "https://ice.frostsky.com/2023/09/05/05477b706591d0e32fa446013111ebfe.png",
                  "name": "运费宝",
                  "hover": "退换货可享上门取件等平台提供的寄件方式首重免费或自寄补贴7元"
                }
              ],
              "sku_id": "65b3283ecfe2470001717112",
              "returnable": false,
              "boutique": false,
              "applied_count": 1,
              "sku_name": "沐橙子 测试橙子-无物流发货 1斤",
              "raw_price": 0.1,
              "exceeded_user_application_limit": false,
              "guide_returns_price": 0,
              "status": 0,
              "boutique_compensation_amount": 0,
              "delivery_package_status": 0,
              "can_apply_total_amount": 0,
              "scsku_code": "XHS-1ZT3XB99YFI8",
              "tax_type": 0,
              "deposit_amount": 0,
              "exchange_sku_variants": [
                {
                  "variant_id": "60506a46d870b3000139132c",
                  "name": "净含量",
                  "value": "2斤"
                }
              ],
              "support_carriage_insurance": true,
              "exchanged_count": 0,
              "original_price": 0.1,
              "return_deposit_amount": 0,
              "name_without_v": "沐橙子 · 测试橙子-无物流发货",
              "exchangeable_count": 0,
              "exchange_barcode": "XHS-1ZT3XB99YFI9",
              "refunded_amount": 0,
              "barcode": "XHS-1ZT3XB99YFI8",
              "post_tax_amount": 0.1,
              "exchange_sku_id": "65b3283ecfe2470001717115"
            }
          ],
          "ship_express_company": "debangwuliu",
          "express_sign_synced_time": 0,
          "refund_fee": 0,
          "auto_receive_days": 0,
          "receive_abnormal_type": 0,
          "whcodes": "[CPartner]",
          "support_carriage_insurance": true,
          "exchange_ship_time": 0,
          "time": 1709019518000,
          "request_from": 2,
          "package_received_time": 0,
          "fill_express_time": 0,
          "return_whcode_name": "",
          "spam_check_status_for_fast_refund": 0,
          "deadline_for_sort": 1709192318552,
          "package_payment_type": 0,
          "refund_undertaker": 0,
          "reject_ticket_status": 0,
          "abnormal_at": 0,
          "returns_tag": 0,
          "use_red_return_service": 1,
          "order_id": "72457134663145217",
          "status": 1,
          "high_risk_user": false,
          "refund_strategy_user_membership": 0,
          "return_express_refunded": false,
          "user_info": {
            "street": "***",
            "address": "湖北省 武汉市 洪山区 ***",
            "user_id": "63febecd00000000290169fb",
            "name": "张*",
            "phone": "181***9451",
            "level2": "武汉市",
            "level4": "",
            "level1": "湖北省",
            "level3": "洪山区"
          },
          "auto_refund_available": false,
          "return_express_fee": 0,
          "refund_status": 0,
          "close_reason": 0
        },
        {
          "ship_whcode": "CPartner",
          "user_info": {
            "level3": "江北区",
            "level4": "五宝镇",
            "name": "张*",
            "phone": "182***1554",
            "level2": "重庆市",
            "street": "***",
            "address": "重庆 重庆市 江北区 五宝镇 ***",
            "user_id": "62bbf3f3000000001501dfdd",
            "level1": "重庆"
          },
          "expect_refund_fee": 0,
          "refunded": false,
          "auto_receive_deadline": 0,
          "auto_refund_available": false,
          "return_express_refundable": false,
          "audit_deadline": "2024-02-29 14:15:55",
          "package_id": "P72213859236012922123123",
          "request_from": 2,
          "status_name": "待审核",
          "return_type_name": "仅退款",
          "spam_check_status_time": 0,
          "refund_method_name": "",
          "refund_strategy_user_membership": 0,
          "is_member": false,
          "exchange_package_status": 0,
          "exchange_transfer_return_price": 0,
          "exchange_user_confirm_time": 0,
          "arbitrate_before_status": 0,
          "sign_auto_receive_type": 0,
          "sub_status_name": "",
          "return_express_fee": 0,
          "ship_needed": -1,
          "package_create_time": 0,
          "deductible_amount": 0,
          "package_payment_type": 0,
          "abnormal_trigger": 0,
          "auto_receive_days": 0,
          "seller_sign_time": 0,
          "ship_express_fee": 0,
          "refund_strategy_user_amount": 0,
          "nick_name": "测试账号",
          "user_level": 3,
          "need_receive_and_ship": false,
          "deadline_for_sort": 1709187355859,
          "spam_check_status_for_fast_refund": 0,
          "exchange_user_finish_deadline": 0,
          "force_receive": false,
          "total_deposit_amount_yuan": 0,
          "time": 1709014556000,
          "fast_refund_qualified": false,
          "return_received_time": 0,
          "package_received_time": 0,
          "whcodes": "[CPartner]",
          "return_received_type": 0,
          "status": 1,
          "fill_express_no_deadline": 0,
          "abnormal_at": 0,
          "support_carriage_insurance": true,
          "receive_needed": false,
          "use_fast_refund": false,
          "pay_time": 0,
          "ship_needed_name": "",
          "delivery_package_id": "P722138592360129221",
          "package_type": "1",
          "sub_status": 201,
          "desc": "",
          "note": "",
          "return_type": 4,
          "refund_ok_time": 0,
          "close_reason": 0,
          "applied_skus_amount_sum": 0,
          "reason": 700001,
          "settlement_amount": 0.1,
          "ship_express_status": "已发货",
          "express_sign_synced_time": 0,
          "use_red": false,
          "exchange_signed_time": 0,
          "seller_name": "香大科技的海外店",
          "reject_ticket_status": 0,
          "intact_degree": 0,
          "delivery_package_status": 6,
          "applied_ship_fee_amount": 0,
          "order_id": "72213859236012922",
          "shipping_model": 0,
          "receive_abnormal_type_name": "",
          "refund_fee": 0,
          "receive_delay_count": 0,
          "reason_name_zh": "多拍/拍错/不想要",
          "exchange_ship_time": 0,
          "user_id": "62bbf3f3000000001501dfdd",
          "skus": [
            {
              "after_sale_sku_tags": [
                {
                  "appUrl": "https://school.xiaohongshu.com/rule/detail/5d6935880000000000000000/5d70ce35cbd45d001cb5f3e7?jumpFrom=school&fullscreen=true",
                  "icon": "https://ice.frostsky.com/2023/09/05/05477b706591d0e32fa446013111ebfe.png",
                  "name": "7天无理由",
                  "hover": "满足相应条件时，消费者可申请\"七天无理由退换货\"",
                  "pcUrl": "https://school.xiaohongshu.com/rule/detail/5d6935880000000000000000/5d70ce35cbd45d001cb5f3e7?jumpFrom=school"
                },
                {
                  "name": "运费宝",
                  "hover": "退换货可享上门取件等平台提供的寄件方式首重免费或自寄补贴7元",
                  "pcUrl": "https://school.xiaohongshu.com/lesson/normal/931c65ecd7624189866f6690af277a45?jumpFrom=school",
                  "appUrl": "https://school.xiaohongshu.com/lesson/normal/931c65ecd7624189866f6690af277a45?jumpFrom=school&fullscreen=true",
                  "icon": "https://ice.frostsky.com/2023/09/05/05477b706591d0e32fa446013111ebfe.png"
                }
              ],
              "boutique": false,
              "presale_type": 0,
              "total_return_amount": 0,
              "can_apply_total_amount": 0,
              "status": 0,
              "name_without_v": "3AM HAIR SALON · 类目4----服饰箱包",
              "tags": [
                "7天无理由退货",
                "运费宝"
              ],
              "multi_scsku": false,
              "image": "//qimg.xiaohongshu.com/arkgoods/1040g0o030o5ku3ol58005o33425g91gt8rmvjp0?itemId=64f0622e9a5b02000150e459&imageView2/1/w/320/h/320/q/90.png",
              "tax_type": 0,
              "applied_count": 1,
              "refunded_count": 0,
              "exchangeable_count": 0,
              "paid_and_deposit_amount_sum": 0,
              "refunded_amount": 0,
              "max_refund_amount": 0,
              "boutique_compensation_amount": 0,
              "exceeded_user_application_limit": false,
              "sku_id": "64f0622e9a5b02000150e459",
              "raw_price": 0.1,
              "discounted_price": 0.1,
              "returnable_count": 1,
              "exchanged_count": 0,
              "sku_name": "3AM HAIR SALON 类目4----服饰箱包",
              "barcode": "XHS-1L5XXT7MNFGG",
              "return_deposit_amount": 0,
              "version": "w263994491203530752",
              "return_policy": "7天无理由退货",
              "post_tax_amount": 0.1,
              "whcode": "CPartner",
              "returned_count": 0,
              "returnable": false,
              "deposit_amount": 0,
              "scsku_infos": [
                {
                  "barcode": "XHS-1L5XXT7MNFGG",
                  "scsku_price": 0.1,
                  "name": "3AM HAIR SALON 类目4----服饰箱包",
                  "arbitrate_result": 0,
                  "consistent_with_return": false,
                  "actual_scsku_count": 0,
                  "scsku_code": "XHS-1L5XXT7MNFGG",
                  "pkg_qty": 1,
                  "residual_rate": 0,
                  "real_scsku_price": 0,
                  "expect_scsku_count": 0,
                  "scsku_price_ratio": -1
                }
              ],
              "applied_total_amount": 0.1,
              "applied_total_deposit_amount": 0,
              "scsku_code": "XHS-1L5XXT7MNFGG",
              "price": 0.1,
              "refundable_count": 0,
              "return_price": 0.1,
              "original_price": 0.1,
              "bought_count": 1,
              "intact_degree": 0,
              "variants": [],
              "delivery_package_status": 0,
              "user_application_times": 4,
              "tax_rate": 0,
              "guide_returns_price": 0,
              "refunding_amount": 0,
              "support_carriage_insurance": true
            }
          ],
          "return_express_refunded": false,
          "refund_fail_reason": 0,
          "applied_amount": 0.1,
          "use_red_return_service": 1,
          "seller_ids": [
            "5a151d9deb90b912e76ee832"
          ],
          "proof_photos": [],
          "receive_abnormal_type": 0,
          "high_risk_user": false,
          "request_from_name": "用户",
          "refund_time": 0,
          "shipping_model_name": "",
          "commented": false,
          "logistics_track_status_time": 0,
          "system_version": 1,
          "auto_reject_close_deadline": 0,
          "ship_express_company": "kuayue",
          "express_sign_time": 0,
          "abnormal_deadline": 0,
          "update_at": 1709014557000,
          "pay_amount": 0.1,
          "return_express_status": "未发货",
          "returns_id": "R6012922114555815",
          "reject_ticket_status_time": 0,
          "logistics_track_status": 0,
          "pickup_create_at": 0,
          "deductible_tag": false,
          "need_auto_audit": false,
          "refund_method": 0,
          "ship_express_no": "2345654323456",
          "fill_express_time": 0,
          "select_express_type": 0,
          "ship_whcode_name": "",
          "return_whcode_name": "",
          "spam_check_status": 1,
          "returns_tag": 0,
          "refund_status": 0,
          "refund_undertaker": 0,
          "expected_refund_amount": 0.1
        },
        {
          "ship_express_fee": 0,
          "use_fast_refund": false,
          "spam_check_status_for_fast_refund": 0,
          "applied_skus_amount_sum": 0,
          "status": 1,
          "applied_ship_fee_amount": 0,
          "exchange_user_confirm_time": 0,
          "abnormal_trigger": 0,
          "auto_receive_days": 0,
          "need_receive_and_ship": false,
          "ship_express_company": "zto",
          "refund_strategy_user_membership": 0,
          "return_received_time": 0,
          "ship_needed_name": "",
          "returns_id": "R5230775126332953",
          "user_id": "5d2efcd1000000001203364b",
          "proof_photos": [],
          "return_express_refundable": false,
          "receive_abnormal_type_name": "",
          "high_risk_user": false,
          "arbitrate_before_status": 0,
          "time": 1708926333000,
          "reason": 700001,
          "refunded": false,
          "reject_ticket_status": 0,
          "intact_degree": 0,
          "expect_refund_fee": 0,
          "whcodes": "[CPartner]",
          "support_carriage_insurance": true,
          "exchange_package_status": 0,
          "express_sign_synced_time": 0,
          "package_received_time": 0,
          "return_received_type": 0,
          "deductible_amount": 0,
          "receive_delay_count": 0,
          "auto_receive_deadline": 0,
          "refund_method": 0,
          "logistics_track_status": 0,
          "package_create_time": 0,
          "nick_name": "黄桃罐头",
          "need_auto_audit": false,
          "pay_amount": 0.1,
          "sign_auto_receive_type": 0,
          "order_id": "72447795505230775",
          "note": "",
          "express_sign_time": 0,
          "delivery_package_id": "P724477955052307751",
          "exchange_ship_time": 0,
          "return_type_name": "仅退款",
          "audit_deadline": "2024-02-28 13:45:32",
          "refund_undertaker": 0,
          "refund_strategy_user_amount": 0,
          "exchange_transfer_return_price": 0,
          "refund_fee": 0,
          "applied_amount": 0.1,
          "expected_refund_amount": 0.1,
          "exchange_user_finish_deadline": 0,
          "shipping_model": 0,
          "reject_ticket_status_time": 0,
          "close_reason": 0,
          "deductible_tag": false,
          "package_type": "1",
          "sub_status": 201,
          "refund_method_name": "",
          "ship_express_status": "已发货",
          "auto_reject_close_deadline": 0,
          "refund_time": 0,
          "ship_express_no": "78400939905346",
          "exchange_signed_time": 0,
          "total_deposit_amount_yuan": 0,
          "receive_needed": false,
          "shipping_model_name": "",
          "deadline_for_sort": 1709099132982,
          "package_id": "P724477955052307751",
          "return_whcode_name": "",
          "update_at": 1708926334000,
          "is_member": false,
          "seller_ids": [
            "5a151d9deb90b912e76ee832"
          ],
          "ship_whcode": "CPartner",
          "user_info": {
            "name": "黄*",
            "level2": "武汉市",
            "level4": "",
            "address": "湖北省 武汉市 江夏区 ***",
            "user_id": "5d2efcd1000000001203364b",
            "phone": "134***9634",
            "level1": "湖北省",
            "level3": "江夏区",
            "street": "***"
          },
          "use_red": false,
          "delivery_package_status": 6,
          "status_name": "待审核",
          "return_express_refunded": false,
          "fast_refund_qualified": false,
          "commented": false,
          "auto_refund_available": false,
          "reason_name_zh": "多拍/拍错/不想要",
          "abnormal_deadline": 0,
          "skus": [
            {
              "refunding_amount": 0,
              "support_carriage_insurance": true,
              "can_apply_total_amount": 0,
              "bought_count": 1,
              "refunded_count": 0,
              "deposit_amount": 0,
              "refunded_amount": 0,
              "sku_name": "3AM HAIR SALON 云翔内贸商品1238",
              "returned_count": 0,
              "return_price": 0.1,
              "version": "w272673407512543232",
              "scsku_code": "XHS-1VHG4XPCKJK0",
              "exceeded_user_application_limit": false,
              "return_deposit_amount": 0,
              "max_refund_amount": 0,
              "variants": [],
              "user_application_times": 1,
              "tax_rate": 0,
              "guide_returns_price": 0,
              "intact_degree": 0,
              "status": 0,
              "applied_total_amount": 0.1,
              "scsku_infos": [
                {
                  "pkg_qty": 1,
                  "actual_scsku_count": 0,
                  "scsku_price": 0.1,
                  "scsku_price_ratio": -1,
                  "name": "3AM HAIR SALON 云翔内贸商品1238",
                  "residual_rate": 0,
                  "arbitrate_result": 0,
                  "real_scsku_price": 0,
                  "scsku_code": "XHS-1VHG4XPCKJK0",
                  "barcode": "XHS-1VHG4XPCKJK0",
                  "consistent_with_return": false,
                  "expect_scsku_count": 0
                }
              ],
              "boutique_compensation_amount": 0,
              "presale_type": 0,
              "tags": [
                "7天无理由退货",
                "运费宝"
              ],
              "sku_id": "6579a50e483af400012d49a0",
              "raw_price": 0.1,
              "returnable_count": 1,
              "applied_count": 1,
              "total_return_amount": 0,
              "multi_scsku": false,
              "paid_and_deposit_amount_sum": 0,
              "after_sale_sku_tags": [
                {
                  "hover": "满足相应条件时，消费者可申请\"七天无理由退换货\"",
                  "pcUrl": "https://school.xiaohongshu.com/rule/detail/5d6935880000000000000000/5d70ce35cbd45d001cb5f3e7?jumpFrom=school",
                  "appUrl": "https://school.xiaohongshu.com/rule/detail/5d6935880000000000000000/5d70ce35cbd45d001cb5f3e7?jumpFrom=school&fullscreen=true",
                  "icon": "https://ice.frostsky.com/2023/09/05/05477b706591d0e32fa446013111ebfe.png",
                  "name": "7天无理由"
                },
                {
                  "appUrl": "https://school.xiaohongshu.com/lesson/normal/931c65ecd7624189866f6690af277a45?jumpFrom=school&fullscreen=true",
                  "icon": "https://ice.frostsky.com/2023/09/05/05477b706591d0e32fa446013111ebfe.png",
                  "name": "运费宝",
                  "hover": "退换货可享上门取件等平台提供的寄件方式首重免费或自寄补贴7元",
                  "pcUrl": "https://school.xiaohongshu.com/lesson/normal/931c65ecd7624189866f6690af277a45?jumpFrom=school"
                }
              ],
              "price": 0.1,
              "discounted_price": 0.1,
              "post_tax_amount": 0.1,
              "boutique": false,
              "return_policy": "7天无理由退货",
              "exchangeable_count": 0,
              "applied_total_deposit_amount": 0,
              "exchanged_count": 0,
              "image": "//qimg.xiaohongshu.com/arkgoods/1040g0o030sk8q142jqe05o33425g91gtfgfgreo?itemId=6579a50e483af400012d49a0&imageView2/1/w/320/h/427/q/90.jpeg",
              "barcode": "XHS-1VHG4XPCKJK0",
              "tax_type": 0,
              "returnable": false,
              "delivery_package_status": 0,
              "original_price": 0.1,
              "whcode": "CPartner",
              "refundable_count": 0,
              "name_without_v": "3AM HAIR SALON · 云翔内贸商品1238"
            }
          ],
          "seller_sign_time": 0,
          "return_express_status": "未发货",
          "receive_abnormal_type": 0,
          "logistics_track_status_time": 0,
          "settlement_amount": 0.1,
          "system_version": 1,
          "request_from": 2,
          "refund_status": 0,
          "sub_status_name": "",
          "spam_check_status_time": 0,
          "use_red_return_service": 1,
          "seller_name": "香大科技的海外店",
          "request_from_name": "用户",
          "fill_express_time": 0,
          "abnormal_at": 0,
          "user_level": 4,
          "select_express_type": 0,
          "return_type": 4,
          "refund_fail_reason": 0,
          "fill_express_no_deadline": 0,
          "refund_ok_time": 0,
          "pay_time": 0,
          "returns_tag": 0,
          "desc": "",
          "return_express_fee": 0,
          "ship_needed": -1,
          "force_receive": false,
          "package_payment_type": 0,
          "ship_whcode_name": "",
          "spam_check_status": 1,
          "pickup_create_at": 0
        },
        {
          "reason_name_zh": "多拍/拍错/不想要",
          "auto_receive_deadline": 1709304484000,
          "force_receive": false,
          "return_express_no": "cs555555555",
          "ship_whcode": "CPartner",
          "user_level": 4,
          "seller_name": "香大科技的海外店",
          "package_create_time": 0,
          "exchange_package_status": 0,
          "system_version": 1,
          "return_received_type": 0,
          "expected_refund_amount": 0.1,
          "deadline_for_sort": 1709304484000,
          "status_name": "待收货",
          "shipping_model": 0,
          "auto_refund_available": false,
          "return_received_time": 0,
          "support_carriage_insurance": true,
          "return_recipient": "洛竹",
          "ship_express_company": "zto",
          "deductible_tag": false,
          "delivery_package_status": 7,
          "exchange_user_confirm_time": 0,
          "sub_status": 301,
          "pay_time": 0,
          "use_red_return_service": 3,
          "returns_tag": 0,
          "user_id": "5cdcf62d000000001701029d",
          "return_express_refundable": false,
          "fill_express_no_deadline": 1709045066000,
          "spam_check_status": 1,
          "deductible_amount": 0,
          "auto_reject_close_deadline": 0,
          "pay_amount": 0.1,
          "nick_name": "衬心♀",
          "return_express_status": "已发货",
          "ship_express_status": "已发货",
          "need_receive_and_ship": false,
          "seller_sign_time": 0,
          "receive_abnormal_type": 0,
          "logistics_track_status_time": 0,
          "package_received_time": 1708358057000,
          "abnormal_deadline": 0,
          "applied_ship_fee_amount": 0,
          "returns_id": "R6643222158232327",
          "return_express_company": "京东快递",
          "shipping_model_name": "",
          "return_express_refunded": false,
          "use_fast_refund": false,
          "skus": [
            {
              "max_refund_amount": 0,
              "variants": [],
              "paid_and_deposit_amount_sum": 0,
              "returned_count": 0,
              "deposit_amount": 0,
              "guide_returns_price": 0,
              "multi_scsku": false,
              "bought_count": 1,
              "applied_count": 1,
              "version": "w264002605036535808",
              "can_apply_total_amount": 0,
              "raw_price": 0.1,
              "whcode": "CPartner",
              "support_carriage_insurance": true,
              "scsku_infos": [
                {
                  "expect_scsku_count": 0,
                  "actual_scsku_count": 0,
                  "barcode": "XHS-15OY18GFLC74",
                  "scsku_price": 0.1,
                  "real_scsku_price": 0,
                  "consistent_with_return": false,
                  "residual_rate": 0,
                  "arbitrate_result": 0,
                  "scsku_code": "XHS-15OY18GFLC74",
                  "scsku_price_ratio": -1,
                  "pkg_qty": 1,
                  "name": "富士 0.1测试嘻嘻嘻嘻嘻嘻"
                }
              ],
              "intact_degree": 0,
              "boutique": false,
              "delivery_package_status": 0,
              "total_return_amount": 0,
              "tax_rate": 0,
              "discounted_price": 0.1,
              "post_tax_amount": 0.1,
              "tags": [
                "不支持无理由退换",
                "运费宝"
              ],
              "user_application_times": 1,
              "exchangeable_count": 0,
              "refunded_count": 0,
              "refunding_amount": 0,
              "boutique_compensation_amount": 0,
              "original_price": 0.1,
              "return_price": 0.1,
              "return_deposit_amount": 0,
              "name_without_v": "富士 · 0.1测试嘻嘻嘻嘻嘻嘻",
              "presale_type": 0,
              "scsku_code": "XHS-15OY18GFLC74",
              "tax_type": 0,
              "price": 0.1,
              "applied_total_deposit_amount": 0,
              "exchanged_count": 0,
              "applied_total_amount": 0.1,
              "after_sale_sku_tags": [
                {
                  "name": "运费宝",
                  "hover": "退换货可享上门取件等平台提供的寄件方式首重免费或自寄补贴7元",
                  "pcUrl": "https://school.xiaohongshu.com/lesson/normal/931c65ecd7624189866f6690af277a45?jumpFrom=school",
                  "appUrl": "https://school.xiaohongshu.com/lesson/normal/931c65ecd7624189866f6690af277a45?jumpFrom=school&fullscreen=true",
                  "icon": "https://ice.frostsky.com/2023/09/05/05477b706591d0e32fa446013111ebfe.png"
                }
              ],
              "sku_id": "6422968a35c8b50001b2de46",
              "returnable": false,
              "return_policy": "不支持无理由退换",
              "returnable_count": 1,
              "refundable_count": 0,
              "status": 0,
              "refunded_amount": 0,
              "exceeded_user_application_limit": false,
              "sku_name": "富士 0.1测试嘻嘻嘻嘻嘻嘻",
              "image": "//qimg.xiaohongshu.com/arkgoods/1000g0o026k64sq6fi0005o33425g91gtfft7180?itemId=6422968a35c8b50001b2de46&imageView2/1/w/320/h/320/q/90.png",
              "barcode": "XHS-15OY18GFLC74"
            }
          ],
          "auto_receive_days": 0,
          "spam_check_status_for_fast_refund": 0,
          "total_deposit_amount_yuan": 0,
          "request_from": 2,
          "express_sign_time": 0,
          "package_type": "1",
          "reject_ticket_status_time": 0,
          "delivery_package_id": "P723815434866432221",
          "use_red": false,
          "applied_skus_amount_sum": 0,
          "exchange_transfer_return_price": 0,
          "seller_ids": [
            "5a151d9deb90b912e76ee832"
          ],
          "ship_whcode_name": "",
          "refund_undertaker": 0,
          "ship_needed_name": "需要寄回",
          "package_payment_type": 0,
          "is_member": false,
          "audit_deadline": "2024-02-22 23:57:12",
          "intact_degree": 0,
          "return_express_company_code": "jd",
          "time": 1708358232000,
          "receive_needed": false,
          "return_express_fee": 0,
          "fill_express_time": 1708440484000,
          "refund_method": 0,
          "status": 3,
          "commented": false,
          "exchange_user_finish_deadline": 0,
          "exchange_signed_time": 0,
          "package_id": "P723815434866432221",
          "desc": "",
          "return_phone": "18812345678",
          "return_whcode": "CPartner",
          "refund_method_name": "",
          "receive_delay_count": 0,
          "need_auto_audit": false,
          "refund_fee": 0,
          "express_sign_synced_time": 0,
          "return_type": 1,
          "abnormal_trigger": 0,
          "abnormal_at": 0,
          "order_id": "72381543486643222",
          "return_address": "上海 上海市 黄浦区 淮海中路街道 复兴soho小红书D3",
          "applied_amount": 0.1,
          "whcodes": "[CPartner]",
          "fast_refund_qualified": false,
          "sign_auto_receive_type": 0,
          "refund_fail_reason": 0,
          "logistics_track_status": 0,
          "refund_strategy_user_amount": 0,
          "close_reason": 0,
          "sub_status_name": "寄回中",
          "return_type_name": "退货",
          "refund_status": 0,
          "user_info": {
            "level1": "湖北省",
            "level4": "乌龙泉街道",
            "phone": "177***0109",
            "level2": "武汉市",
            "level3": "江夏区",
            "street": "***",
            "address": "湖北省 武汉市 江夏区 乌龙泉街道 ***",
            "user_id": "5cdcf62d000000001701029d",
            "name": "吴*"
          },
          "arbitrate_before_status": 0,
          "update_at": 1708440484000,
          "receiver_info": {
            "receiver_phone": "18812345678",
            "code": "CPartner",
            "city": "上海市",
            "street": "复兴soho小红书D3",
            "province": "上海",
            "district": "黄浦区",
            "address": "上海 上海市 黄浦区 淮海中路街道 复兴soho小红书D3",
            "receiver_name": "洛竹"
          },
          "high_risk_user": false,
          "note": "",
          "ship_express_no": "Pppp21222222",
          "ship_express_fee": 0,
          "reject_ticket_status": 0,
          "refund_ok_time": 0,
          "reason": 700001,
          "spam_check_status_time": 0,
          "expect_refund_fee": 0,
          "pickup_create_at": 0,
          "refund_strategy_user_membership": 0,
          "request_from_name": "用户",
          "refunded": false,
          "refund_time": 0,
          "ship_needed": 1,
          "return_whcode_name": "第三方卖家仓库",
          "proof_photos": [],
          "receive_abnormal_type_name": "",
          "settlement_amount": 0.1,
          "exchange_ship_time": 0,
          "select_express_type": 2
        },
        {
          "intact_degree": 0,
          "return_type": 1,
          "abnormal_trigger": 0,
          "return_whcode": "CPartner",
          "return_whcode_name": "第三方卖家仓库",
          "fill_express_no_deadline": 1709045033000,
          "logistics_track_status": 0,
          "exchange_user_confirm_time": 0,
          "reason": 700001,
          "request_from": 2,
          "ship_express_fee": 0,
          "fast_refund_qualified": false,
          "commented": false,
          "exchange_package_status": 0,
          "select_express_type": 2,
          "expect_refund_fee": 0,
          "support_carriage_insurance": true,
          "sub_status": 301,
          "ship_express_no": "Wwiwiwiwi22929292",
          "refund_status": 0,
          "user_info": {
            "phone": "177***0109",
            "level2": "武汉市",
            "user_id": "5cdcf62d000000001701029d",
            "name": "吴*",
            "level1": "湖北省",
            "level3": "江夏区",
            "level4": "乌龙泉街道",
            "street": "***",
            "address": "湖北省 武汉市 江夏区 乌龙泉街道 ***"
          },
          "reject_ticket_status": 0,
          "expected_refund_amount": 0.1,
          "seller_name": "香大科技的海外店",
          "return_type_name": "退货",
          "refund_method_name": "",
          "ship_express_status": "已发货",
          "exchange_user_finish_deadline": 0,
          "exchange_transfer_return_price": 0,
          "desc": "",
          "ship_express_company": "ems",
          "shipping_model_name": "",
          "force_receive": false,
          "need_auto_audit": false,
          "returns_tag": 0,
          "use_red_return_service": 3,
          "package_id": "P723815349795432601",
          "return_recipient": "洛竹",
          "spam_check_status_time": 0,
          "pickup_create_at": 0,
          "package_payment_type": 0,
          "return_express_no": "cs66666777777",
          "refund_fee": 0,
          "ship_needed": 1,
          "refund_strategy_user_membership": 0,
          "exchange_ship_time": 0,
          "express_sign_time": 0,
          "refund_strategy_user_amount": 0,
          "update_at": 1708440525000,
          "applied_amount": 0.1,
          "user_level": 4,
          "return_phone": "18812345678",
          "high_risk_user": false,
          "skus": [
            {
              "sku_id": "6422968a35c8b50001b2de46",
              "tax_rate": 0,
              "raw_price": 0.1,
              "bought_count": 1,
              "returnable_count": 1,
              "user_application_times": 1,
              "original_price": 0.1,
              "returned_count": 0,
              "intact_degree": 0,
              "refunded_amount": 0,
              "guide_returns_price": 0,
              "delivery_package_status": 0,
              "total_return_amount": 0,
              "after_sale_sku_tags": [
                {
                  "hover": "退换货可享上门取件等平台提供的寄件方式首重免费或自寄补贴7元",
                  "pcUrl": "https://school.xiaohongshu.com/lesson/normal/931c65ecd7624189866f6690af277a45?jumpFrom=school",
                  "appUrl": "https://school.xiaohongshu.com/lesson/normal/931c65ecd7624189866f6690af277a45?jumpFrom=school&fullscreen=true",
                  "icon": "https://ice.frostsky.com/2023/09/05/05477b706591d0e32fa446013111ebfe.png",
                  "name": "运费宝"
                }
              ],
              "image": "//qimg.xiaohongshu.com/arkgoods/1000g0o026k64sq6fi0005o33425g91gtfft7180?itemId=6422968a35c8b50001b2de46&imageView2/1/w/320/h/320/q/90.png",
              "price": 0.1,
              "status": 0,
              "boutique": false,
              "support_carriage_insurance": true,
              "exchangeable_count": 0,
              "presale_type": 0,
              "applied_total_amount": 0.1,
              "sku_name": "富士 0.1测试嘻嘻嘻嘻嘻嘻",
              "refunded_count": 0,
              "return_price": 0.1,
              "returnable": false,
              "return_deposit_amount": 0,
              "max_refund_amount": 0,
              "can_apply_total_amount": 0,
              "applied_total_deposit_amount": 0,
              "discounted_price": 0.1,
              "post_tax_amount": 0.1,
              "refundable_count": 0,
              "boutique_compensation_amount": 0,
              "tags": [
                "不支持无理由退换",
                "运费宝"
              ],
              "multi_scsku": false,
              "exceeded_user_application_limit": false,
              "paid_and_deposit_amount_sum": 0,
              "barcode": "XHS-15OY18GFLC74",
              "tax_type": 0,
              "applied_count": 1,
              "deposit_amount": 0,
              "scsku_infos": [
                {
                  "pkg_qty": 1,
                  "name": "富士 0.1测试嘻嘻嘻嘻嘻嘻",
                  "residual_rate": 0,
                  "expect_scsku_count": 0,
                  "actual_scsku_count": 0,
                  "scsku_code": "XHS-15OY18GFLC74",
                  "barcode": "XHS-15OY18GFLC74",
                  "scsku_price": 0.1,
                  "scsku_price_ratio": -1,
                  "arbitrate_result": 0,
                  "real_scsku_price": 0,
                  "consistent_with_return": false
                }
              ],
              "version": "w264002605036535808",
              "exchanged_count": 0,
              "scsku_code": "XHS-15OY18GFLC74",
              "whcode": "CPartner",
              "refunding_amount": 0,
              "name_without_v": "富士 · 0.1测试嘻嘻嘻嘻嘻嘻",
              "variants": [],
              "return_policy": "不支持无理由退换"
            }
          ],
          "reject_ticket_status_time": 0,
          "abnormal_deadline": 0,
          "package_type": "1",
          "delivery_package_id": "P723815349795432601",
          "settlement_amount": 0.1,
          "spam_check_status_for_fast_refund": 0,
          "arbitrate_before_status": 0,
          "fill_express_time": 1708440525000,
          "proof_photos": [],
          "return_express_refundable": false,
          "deductible_amount": 0,
          "pay_amount": 0.1,
          "logistics_track_status_time": 0,
          "nick_name": "衬心♀",
          "auto_reject_close_deadline": 0,
          "total_deposit_amount_yuan": 0,
          "receive_delay_count": 0,
          "note": "",
          "auto_receive_deadline": 1709304525000,
          "ship_whcode": "CPartner",
          "pay_time": 0,
          "package_received_time": 1708358050000,
          "close_reason": 0,
          "whcodes": "[CPartner]",
          "return_express_fee": 0,
          "receive_abnormal_type_name": "",
          "auto_receive_days": 0,
          "receiver_info": {
            "street": "复兴soho小红书D3",
            "province": "上海",
            "district": "黄浦区",
            "address": "上海 上海市 黄浦区 淮海中路街道 复兴soho小红书D3",
            "receiver_name": "洛竹",
            "receiver_phone": "18812345678",
            "code": "CPartner",
            "city": "上海市"
          },
          "status": 3,
          "refund_time": 0,
          "deductible_tag": false,
          "refund_ok_time": 0,
          "return_address": "上海 上海市 黄浦区 淮海中路街道 复兴soho小红书D3",
          "return_express_company": "中通速递",
          "shipping_model": 0,
          "use_fast_refund": false,
          "ship_whcode_name": "",
          "deadline_for_sort": 1709304525000,
          "applied_skus_amount_sum": 0,
          "receive_needed": false,
          "refund_method": 0,
          "package_create_time": 0,
          "exchange_signed_time": 0,
          "request_from_name": "用户",
          "refunded": false,
          "return_received_type": 0,
          "applied_ship_fee_amount": 0,
          "reason_name_zh": "多拍/拍错/不想要",
          "seller_sign_time": 0,
          "refund_undertaker": 0,
          "return_express_status": "已发货",
          "returns_id": "R9543260158209273",
          "seller_ids": [
            "5a151d9deb90b912e76ee832"
          ],
          "refund_fail_reason": 0,
          "abnormal_at": 0,
          "ship_needed_name": "需要寄回",
          "status_name": "待收货",
          "return_express_refunded": false,
          "return_express_company_code": "zto",
          "sub_status_name": "寄回中",
          "audit_deadline": "2024-02-22 23:56:49",
          "is_member": false,
          "delivery_package_status": 7,
          "sign_auto_receive_type": 0,
          "order_id": "72381534979543260",
          "user_id": "5cdcf62d000000001701029d",
          "auto_refund_available": false,
          "spam_check_status": 1,
          "system_version": 1,
          "receive_abnormal_type": 0,
          "return_received_time": 0,
          "time": 1708358209000,
          "express_sign_synced_time": 0,
          "use_red": false,
          "need_receive_and_ship": false
        },
        {
          "reason_name_zh": "多拍/拍错/不想要",
          "delivery_package_id": "P722767408648255861",
          "nick_name": "宁缺",
          "use_red_return_service": 1,
          "express_sign_time": 0,
          "pay_time": 0,
          "abnormal_deadline": 0,
          "auto_receive_deadline": 0,
          "abnormal_at": 0,
          "deadline_for_sort": 1709030007572,
          "exchange_user_finish_deadline": 0,
          "order_id": "72276740864825586",
          "seller_ids": [
            "5a151d9deb90b912e76ee832"
          ],
          "seller_name": "香大科技的海外店",
          "request_from_name": "客服",
          "refund_undertaker": 0,
          "return_received_type": 0,
          "receive_delay_count": 0,
          "applied_skus_amount_sum": 0,
          "auto_reject_close_deadline": 0,
          "skus": [
            {
              "scsku_code": "XHS-13M72EGEMB5S",
              "price": 0.1,
              "returnable_count": 1,
              "return_price": 0.1,
              "return_policy": "不支持无理由退换",
              "delivery_package_status": 0,
              "image": "//qimg.xiaohongshu.com/arkgoods/1000g0o0228epd1afs0005o33425g91gtfctffbo?itemId=6406f86494f1b500011a179f&imageView2/1/w/320/h/427/q/90.png",
              "bought_count": 1,
              "refundable_count": 0,
              "returned_count": 0,
              "name_without_v": "3AM HAIR SALON · zzx测试发货 02 偏远不配送",
              "post_tax_amount": 0.1,
              "raw_price": 0.1,
              "guide_returns_price": 0,
              "intact_degree": 0,
              "version": "w266129229803294721",
              "applied_total_amount": 0.1,
              "exchangeable_count": 0,
              "barcode": "XHS-13M72EGEMB5S",
              "discounted_price": 0.1,
              "refunded_count": 0,
              "scsku_infos": [
                {
                  "residual_rate": 0,
                  "real_scsku_price": 0,
                  "consistent_with_return": false,
                  "actual_scsku_count": 0,
                  "scsku_code": "XHS-13M72EGEMB5S",
                  "pkg_qty": 1,
                  "name": "3AM HAIR SALON zzx测试发货 02 偏远不配送",
                  "arbitrate_result": 0,
                  "expect_scsku_count": 0,
                  "barcode": "XHS-13M72EGEMB5S",
                  "scsku_price": 0.1,
                  "scsku_price_ratio": -1
                }
              ],
              "user_application_times": 0,
              "sku_name": "3AM HAIR SALON zzx测试发货 02 偏远不配送",
              "original_price": 0.1,
              "returnable": false,
              "status": 0,
              "return_deposit_amount": 0,
              "tags": [
                "不支持无理由退换",
                "运费宝"
              ],
              "sku_id": "6406f86494f1b500011a179f",
              "deposit_amount": 0,
              "max_refund_amount": 0,
              "presale_type": 0,
              "support_carriage_insurance": true,
              "exceeded_user_application_limit": false,
              "applied_total_deposit_amount": 0,
              "whcode": "CPartner",
              "tax_rate": 0,
              "applied_count": 1,
              "refunded_amount": 0,
              "refunding_amount": 0,
              "boutique": false,
              "variants": [],
              "multi_scsku": false,
              "tax_type": 0,
              "can_apply_total_amount": 0,
              "after_sale_sku_tags": [
                {
                  "name": "运费宝",
                  "hover": "退换货可享上门取件等平台提供的寄件方式首重免费或自寄补贴7元",
                  "pcUrl": "https://school.xiaohongshu.com/lesson/normal/931c65ecd7624189866f6690af277a45?jumpFrom=school",
                  "appUrl": "https://school.xiaohongshu.com/lesson/normal/931c65ecd7624189866f6690af277a45?jumpFrom=school&fullscreen=true",
                  "icon": "https://ice.frostsky.com/2023/09/05/05477b706591d0e32fa446013111ebfe.png"
                }
              ],
              "total_return_amount": 0,
              "paid_and_deposit_amount_sum": 0,
              "exchanged_count": 0,
              "boutique_compensation_amount": 0
            }
          ],
          "shipping_model": 0,
          "ship_whcode": "CPartner",
          "whcodes": "[CPartner]",
          "return_received_time": 0,
          "applied_amount": 0.1,
          "sign_auto_receive_type": 0,
          "return_express_refundable": false,
          "return_express_refunded": false,
          "ship_whcode_name": "",
          "commented": false,
          "shipping_model_name": "",
          "fill_express_time": 0,
          "expected_refund_amount": 0.1,
          "high_risk_user": false,
          "reject_ticket_status_time": 0,
          "spam_check_status_time": 0,
          "exchange_user_confirm_time": 0,
          "reason": 700001,
          "receive_abnormal_type": 0,
          "user_info": {
            "level4": "",
            "street": "***",
            "address": "湖北省 武汉市 江夏区 ***",
            "user_id": "61e1156400000000100096c5",
            "phone": "177***7145",
            "level1": "湖北省",
            "level2": "武汉市",
            "name": "李*",
            "level3": "江夏区"
          },
          "auto_refund_available": false,
          "user_id": "61e1156400000000100096c5",
          "audit_deadline": "2024-02-27 18:33:27",
          "auto_receive_days": 0,
          "receive_abnormal_type_name": "",
          "logistics_track_status_time": 0,
          "exchange_package_status": 0,
          "refund_fee": 0,
          "seller_sign_time": 0,
          "fast_refund_qualified": false,
          "refund_fail_reason": 0,
          "return_express_status": "未发货",
          "receive_needed": false,
          "refunded": false,
          "proof_photos": [],
          "refund_method": 0,
          "express_sign_synced_time": 0,
          "return_type_name": "仅退款",
          "use_fast_refund": false,
          "package_received_time": 0,
          "expect_refund_fee": 0,
          "pickup_create_at": 0,
          "settlement_amount": 0.1,
          "ship_express_company": "kuayue",
          "refund_method_name": "",
          "ship_express_status": "已发货",
          "exchange_transfer_return_price": 0,
          "returns_tag": 0,
          "need_receive_and_ship": false,
          "abnormal_trigger": 0,
          "total_deposit_amount_yuan": 0,
          "sub_status_name": "",
          "return_type": 4,
          "spam_check_status": 1,
          "spam_check_status_for_fast_refund": 0,
          "ship_express_fee": 0,
          "pay_amount": 0.1,
          "exchange_ship_time": 0,
          "status": 1,
          "note": "",
          "fill_express_no_deadline": 0,
          "close_reason": 0,
          "need_auto_audit": false,
          "applied_ship_fee_amount": 0,
          "arbitrate_before_status": 0,
          "ship_express_no": "98237405290873",
          "return_express_fee": 0,
          "intact_degree": 0,
          "force_receive": false,
          "ship_needed": -1,
          "time": 1707215608000,
          "refund_strategy_user_membership": 0,
          "user_level": 3,
          "select_express_type": 0,
          "returns_id": "R4825586115607536",
          "ship_needed_name": "",
          "is_member": false,
          "exchange_signed_time": 0,
          "package_id": "P722767408648255861",
          "return_whcode_name": "",
          "reject_ticket_status": 0,
          "delivery_package_status": 6,
          "request_from": 1,
          "use_red": false,
          "deductible_tag": false,
          "desc": "",
          "logistics_track_status": 0,
          "refund_strategy_user_amount": 0,
          "refund_ok_time": 0,
          "update_at": 1707215608000,
          "deductible_amount": 0,
          "package_type": "1",
          "refund_status": 0,
          "system_version": 1,
          "support_carriage_insurance": true,
          "package_payment_type": 0,
          "status_name": "待审核",
          "sub_status": 201,
          "refund_time": 0,
          "package_create_time": 0
        }
      ],
      "total_count": 6,
      "return_waiting_audit_count": 0,
      "exchange_waiting_audit_count": 1,
      "refund_waiting_audit_count": 3,
      "waiting_receive_count": 2,
      "un_delivery_refund_waiting_audit_count": 0,
      "platform_arbitrate_count": 0
    },
    "code": 0,
    "success": true,
    "msg": "ok"
  }
}