{
  "data": {
    "data": {
      "rules": [
        {
          "ruleId": 1,
          "key": "test_detail",
          "enable": true,
          "name": "规则1",
          "method": "GET",
          "matching": "http://ark.xiaohongshu.com/api/test/v1/detail/{id}",
          "url": "http://ark.xiaohongshu.com/api/test/v1/detail/111",
          "dataList": [
            {
              "dataId": 1,
              "enable": true,
              "uri": "./test_detail_1.json",
              "name": "数据1"
            },
            {
              "dataId": 2,
              "enable": false,
              "uri": "./test_detail_2.json",
              "name": "数据2"
            },
            {
              "dataId": 3,
              "enable": false,
              "uri": "./test_detail_3.json",
              "name": "数据3"
            }
          ]
        },
        {
          "ruleId": 2,
          "key": "test_list",
          "enable": true,
          "name": "规则2",
          "method": "GET",
          "matching": "http://ark.xiaohongshu.com/api/test/v1/list",
          "url": "http://ark.xiaohongshu.com/api/test/v1/list",
          "dataList": [
            {
              "dataId": 4,
              "enable": true,
              "uri": "./test_list_1.json",
              "name": "数据4"
            },
            {
              "dataId": 5,
              "enable": false,
              "uri": "./test_list_2.json",
              "name": "数据5"
            }
          ]
        },
        {
          "ruleId": 3,
          "key": "test_create",
          "enable": true,
          "name": "规则3",
          "method": "POST",
          "matching": "http://ark.xiaohongshu.com/api/test/v1/create",
          "url": "http://ark.xiaohongshu.com/api/test/v1/create",
          "dataList": [
            {
              "dataId": 6,
              "enable": true,
              "uri": "./test_create_1.json",
              "name": "数据6"
            },
            {
              "dataId": 7,
              "enable": false,
              "uri": "./test_create_2.json",
              "name": "数据7"
            }
          ]
        },
        {
          "ruleId": 4,
          "key": "test_update",
          "enable": true,
          "name": "规则4",
          "method": "PUT",
          "matching": "http://ark.xiaohongshu.com/api/test/v1/update",
          "url": "http://ark.xiaohongshu.com/api/test/v1/update",
          "dataList": [
            {
              "dataId": 8,
              "enable": true,
              "uri": "./test_update_1.json",
              "name": "数据8"
            },
            {
              "dataId": 9,
              "enable": false,
              "uri": "./test_update_2.json",
              "name": "数据9"
            }
          ]
        },
        {
          "ruleId": 5,
          "key": "test_delete",
          "enable": true,
          "name": "规则5",
          "method": "DELETE",
          "matching": "http://ark.xiaohongshu.com/api/test/v1/delete/{id}",
          "url": "http://ark.xiaohongshu.com/api/test/v1/delete/222",
          "dataList": [
            {
              "dataId": 10,
              "enable": true,
              "uri": "./test_delete_1.json",
              "name": "数据10"
            },
            {
              "dataId": 11,
              "enable": false,
              "uri": "./test_delete_2.json",
              "name": "数据11"
            }
          ]
        }
      ]
    }
  },
  "version": 1,
  "header": null
}