{
  "data": {
    "rules": [
      {
        "ruleId": "1",
        "enable": false,
        "name": "id匹配",
        "method": "GET",
        "matching": "http://ark.xiaohongshu.com/api/test/v1/detail/:id",
        "url": "http://ark.xiaohongshu.com/api/test/v1/detail/1",
        "dataList": [
          {
            "dataId": "1",
            "enable": true,
            "uri": "./mock_data/menu.json",
            "name": "id匹配1",
            "ruleId": "1"
          },
          {
            "name": "id匹配2",
            "dataId": "D086707353295",
            "enable": false,
            "uri": "./mock_data/id_match.json",
            "ruleId": "1"
          }
        ]
      },
      {
        "ruleId": "2",
        "enable": true,
        "name": "常规匹配",
        "method": "GET",
        "matching": "https://ark.xiaohongshu.com/edith/api/seller/fulfillment/over_due_report/zone_declare_change/v2",
        "url": "https://ark.xiaohongshu.com/edith/api/seller/fulfillment/over_due_report/zone_declare_change/v2",
        "dataList": [
          {
            "dataId": "4",
            "enable": true,
            "uri": "./mock_data/zone_declare_change_v1.json",
            "name": "数据4",
            "ruleId": "2"
          },
          {
            "name": "空数据",
            "dataId": "D375668965923",
            "enable": false,
            "uri": "./mock_data/zone_none.json",
            "ruleId": "2"
          }
        ]
      },
      {
        "ruleId": "3",
        "enable": true,
        "name": "id匹配",
        "method": "DELETE",
        "matching": "http://ark.xiaohongshu.com/api/test/v1/delete/:id",
        "url": "http://ark.xiaohongshu.com/api/test/v1/delete/111",
        "dataList": []
      },
      {
        "ruleId": "Rp5hlka9qa",
        "name": "规则六",
        "matching": "https://ark.xiaohongshu.com/edith/api/seller/fulfillment/rule/decide/detail/batchget/v2",
        "url": "https://ark.xiaohongshu.com/edith/api/seller/fulfillment/rule/decide/detail/batchget/v2",
        "method": "POST",
        "dataList": [
          {
            "name": "线上数据1",
            "dataId": "D00431023",
            "enable": true,
            "uri": "./mock_data/3.json",
            "ruleId": "Rp5hlka9qa"
          },
          {
            "name": "空数据",
            "dataId": "D49353458",
            "enable": false,
            "uri": "./mock_data/mey.json",
            "ruleId": "Rp5hlka9qa"
          }
        ],
        "enable": false
      },
      {
        "ruleId": "R804673028925",
        "name": "小额退款-url带search",
        "matching": "https://ark.xiaohongshu.com/api/edith/compensation/reasons?compensation_type=1",
        "url": "https://ark.xiaohongshu.com/api/edith/compensation/reasons?compensation_type=1",
        "method": "GET",
        "dataList": [
          {
            "name": "线上数据1",
            "dataId": "D758962663723",
            "enable": false,
            "uri": "./mock_data/test_03.json",
            "ruleId": "R804673028925"
          },
          {
            "name": "空数据",
            "dataId": "D178756329649",
            "enable": false,
            "uri": "./mock_data/test_04.json",
            "ruleId": "R804673028925"
          },
          {
            "name": "超长名称超长名称超长名称超长名称超长名称超长名称超长名称超长名称超长名称超长名称超长名称超长名称超长名称超长名称超长名称超长名称超长名称超长名称超长名称超长名称超长名称超长名称超长名称超长名称",
            "dataId": "D883680446474",
            "enable": true,
            "uri": "./mock_data/D883680446474.json",
            "ruleId": "R804673028925"
          }
        ],
        "enable": true
      },
      {
        "ruleId": "R657909114567",
        "name": "测试超长名称测试超长名称测试超长名称测试超长名称测试超长名称测试超长名称测试超长名称测试超长名称测试超长名称",
        "method": "GET",
        "matching": "http://ark.xiaohongshu.com/v3/v4",
        "url": "http://ark.xiaohongshu.com/v3/v4",
        "dataList": [],
        "enable": true
      },
      {
        "name": "订单详情",
        "method": "POST",
        "matching": "https://ark.xiaohongshu.com/api/edith/fulfillment/order/detail",
        "url": "",
        "ruleId": "R330055068209",
        "dataList": [
          {
            "name": "P724059496219425843",
            "enable": true,
            "uri": "./mock_data/D415548694966.json",
            "ruleId": "R330055068209",
            "dataId": "D415548694966"
          }
        ],
        "enable": true
      },
      {
        "name": "/api/edith/fulfillment/order/page",
        "method": "POST",
        "matching": "https://ark.xiaohongshu.com/api/edith/fulfillment/order/page",
        "url": "https://ark.xiaohongshu.com/api/edith/fulfillment/order/page",
        "ruleId": "R879840005707",
        "dataList": [
          {
            "name": "test",
            "enable": true,
            "uri": "./mock_data/D548005909109.json",
            "ruleId": "R879840005707",
            "dataId": "D548005909109"
          }
        ],
        "enable": true
      },
      {
        "name": "/api/edith/after-sales/returns/v3",
        "method": "GET",
        "matching": "https://ark.xiaohongshu.com/api/edith/after-sales/returns/v3",
        "url": "https://ark.xiaohongshu.com/api/edith/after-sales/returns/v3?page=1&number=20&sort=time&order=desc&status_in=1,3,12",
        "ruleId": "R099956422228",
        "dataList": [
          {
            "name": "1",
            "enable": true,
            "uri": "./mock_data/D117411000753.json",
            "ruleId": "R099956422228",
            "dataId": "D117411000753"
          },
          {
            "name": "1",
            "enable": false,
            "uri": "./mock_data/D071478879660.json",
            "ruleId": "R099956422228",
            "dataId": "D071478879660"
          }
        ],
        "enable": true
      }
    ]
  }
}